{
  "timestamp": "2025-09-07T20:04:55.236060",
  "test_address": "0x16d5783a96ab20c9157d7933ac236646b29589a4",
  "transaction_count": 5,
  "risk_analysis_result": {
    "address": "0x16d5783a96ab20c9157d7933ac236646b29589a4",
    "risk_score": 0.0,
    "risk_level": "VERY_LOW",
    "weighted_score": 0.0,
    "applied_rules": [],
    "feature_contributions": {},
    "features": {
      "fanout_degree": 1.0,
      "fanin_degree": 0.0,
      "hop_2_neighbors": 0.0,
      "hop_3_neighbors": 0.0,
      "clustering_coefficient": 0.0,
      "betweenness_centrality": 0.0,
      "pagerank": 0.09216586385718749,
      "eigenvector_centrality": 0.00094348649844334,
      "tx_frequency_per_hour": 0.041666666666666664,
      "avg_time_between_txs": 0.0,
      "time_variance": 0.0,
      "active_hours_ratio": 0.0,
      "burst_pattern_score": 0.0,
      "incoming_amount_variance": 0.0,
      "incoming_amount_entropy": 0.0,
      "incoming_round_ratio": 0.0,
      "outgoing_amount_variance": 0.0,
      "outgoing_amount_entropy": -0.0,
      "outgoing_round_ratio": 1.0,
      "total_amount_variance": 0.0,
      "amount_pattern_score": 0.0,
      "gas_price_variance": 0.0,
      "gas_price_entropy": -0.0,
      "gas_price_consistency": 1.0,
      "gas_limit_variance": 0.0,
      "gas_limit_consistency": 1.0,
      "gas_usage_efficiency": 1.0,
      "gas_usage_variance": 0.0,
      "unique_counterparties": 1.0,
      "contract_interaction_ratio": 0.0,
      "eoa_interaction_ratio": 1.0,
      "address_diversity_score": 1.0
    }
  },
  "request_data": {
    "address": "0x16d5783a96ab20c9157d7933ac236646b29589a4",
    "transactions": [
      {
        "from_address": "0x16d5783a96ab20c9157d7933ac236646b29589a4",
        "to_address": "0xfd14567eaf9ba941cb8c8a94eec14831ca7fd1b4",
        "value": 0.0,
        "timestamp": 1693066895,
        "gas": 11000000.0,
        "gasPrice": 20000000000
      },
      {
        "from_address": "0x6ddf03e87c471f4034b50ecfac3359c9263d83e6",
        "to_address": "0xf409feed2fb7fca68797f9edfb1bcb0d6e88c7fc",
        "value": 0.0,
        "timestamp": 1693066895,
        "gas": 1119816.0,
        "gasPrice": 20000000000
      },
      {
        "from_address": "0x6887246668a3b87f54deb3b94ba47a6f63f32985",
        "to_address": "0xff00000000000000000000000000000000000010",
        "value": 0.0,
        "timestamp": 1693066895,
        "gas": 1856348.0,
        "gasPrice": 20000000000
      },
      {
        "from_address": "0xe4edb277e41dc89ab076a1f049f4a3efa700bce8",
        "to_address": "0x846f480e35ef9c99f0160783850f01ba2c2bc907",
        "value": 6.997000000000002e+16,
        "timestamp": 1693066895,
        "gas": 100000.0,
        "gasPrice": 20000000000
      },
      {
        "from_address": "0x28c6c06298d514db089934071355e5743bf21d60",
        "to_address": "0xdac17f958d2ee523a2206206994597c13d831ec7",
        "value": 0.0,
        "timestamp": 1693066895,
        "gas": 220436.0,
        "gasPrice": 20000000000
      }
    ],
    "window_hours": 24
  }
}